STATION,DATE,SOURCE,LATITUDE,LONGITUDE,ELEVATION,NAME,REPORT_TYPE,CALL_SIGN,QUALITY_CONTROL,WND,CIG,VIS,TMP,DEW,SLP,AA1,AA2,AA3,AB1,AD1,AE1,AH1,AH2,AH3,AH4,AH5,AH6,AI1,AI2,AI3,AI4,AI5,AI6,AJ1,AL1,AN1,AT1,AT2,AT3,AT4,AT5,AT6,GA1,GD1,GD2,GD3,GD4,GF1,GJ1,GK1,GP1,GQ1,GR1,KA1,KA2,KB1,KB2,KB3,KD1,KD2,KE1,MA1,MD1,MG1,MH1,MK1,MW1,MW2,MW3,MW4,MW5,OC1,OE1,OE2,OE3,REM,EQD
72228013876,2003-01-01T00:00:00,9,33.56556,-86.745,187.5,"BIRMINGHAM AIRPORT, AL US",NSRDB,99999,V020,"999,9,9,9999,9","99999,9,9,9","999999,9,9,9","+9999,9","+9999,9","99999,9",,,,,,,,,,,,,,,,,,,,,,,,,,,,,,,,,,,,"0060,0000,02,000,0000,02,000,0000,02,000",,"0060,0000,9,0000,9",,,,,,,,,,,,,,,,,,,,,,,,
72228013876,2003-01-01T00:53:00,C,33.56556,-86.745,187.5,"BIRMINGHAM AIRPORT, AL US",FM-15,BHM  ,V020,"140,5,N,0052,5","01524,5,M,N","016000,5,N,1","+0150,5","+0122,5","10038,5","01,0000,9,5",,,,,,,,,,,,,,,,,,,,,,,,,,,,"3,99,5,+01524,5,9","3,99,5,+02134,5,9","4,99,5,+02438,5,9",,"08,99,1,99,9,99,9,99999,9,99,9,99,9",,,,,,,,,,,,,,"10041,5,99999,9",,,,,"00,1",,,,,,,,,MET084KBHM 010053Z 14010KT 10SM BKN050 BKN070 OVC080 15/12 A2965 RMK AO2 SLP038 T01500122;,Q01+000000PRSWM2N01 00000JPWTH 0
72228013876,2003-01-01T01:00:00,9,33.56556,-86.745,187.5,"BIRMINGHAM AIRPORT, AL US",NSRDB,99999,V020,"999,9,9,9999,9","99999,9,9,9","999999,9,9,9","+9999,9","+9999,9","99999,9",,,,,,,,,,,,,,,,,,,,,,,,,,,,,,,,,,,,"0060,0000,02,000,0000,02,000,0000,02,000",,"0060,0000,9,0000,9",,,,,,,,,,,,,,,,,,,,,,,,
72228013876,2003-01-01T01:53:00,C,33.56556,-86.745,187.5,"BIRMINGHAM AIRPORT, AL US",FM-15,BHM  ,V020,"140,5,N,0057,5","00762,5,M,N","004000,5,N,1","+0144,5","+0122,5","10037,5","01,0000,9,5",,,,,,,,,,,,,,,,,,,,,,,,,,,,"3,99,5,+00762,5,9","3,99,5,+01036,5,9","4,99,5,+02591,5,9",,"08,99,1,99,9,99,9,99999,9,99,9,99,9",,,,,,,,,,,,,,"10041,5,99999,9",,,,,"10,1","45,5","63,5",,,,,,,MET105KBHM 010153Z 14011KT 2 1/2SM RA BR BKN025 BKN034 OVC085 14/12 A2965 RMK AO2 RAB20 SLP037 P0003 T01440122;,Q01+000003PRSWM1Q02    003PRSWM1N01 02170JPWTH 0
72228013876,2003-01-01T02:00:00,9,33.56556,-86.745,187.5,"BIRMINGHAM AIRPORT, AL US",NSRDB,99999,V020,"999,9,9,9999,9","99999,9,9,9","999999,9,9,9","+9999,9","+9999,9","99999,9",,,,,,,,,,,,,,,,,,,,,,,,,,,,,,,,,,,,"0060,0000,02,000,0000,02,000,0000,02,000",,"0060,0000,9,0000,9",,,,,,,,,,,,,,,,,,,,,,,,
72228013876,2003-01-01T02:53:00,C,33.56556,-86.745,187.5,"BIRMINGHAM AIRPORT, AL US",FM-15,BHM  ,V020,"170,5,N,0062,5","00427,5,M,N","004800,5,N,1","+0139,5","+0128,5","10037,5","01,0000,9,5","03,0056,9,1",,,,,,,,,,,,,,,,,,,,,,,,,,,"3,99,5,+00427,5,9","3,99,5,+00610,5,9","4,99,5,+00762,5,9",,"08,99,1,99,9,99,9,99999,9,99,9,99,9",,,,,,,,,,,,,,"10041,5,99999,9","8,1,001,1,+999,9",,,,"10,1","45,5","63,5",,,"0093,1",,,,MET110KBHM 010253Z 17012G18KT 3SM RA BR BKN014 BKN020 OVC025 14/13 A2965 RMK AO2 SLP037 P0019 60022 T01390128 58001;,Q01+000003PRSWM1Q02    003PRSWM1N01 02170JPWTH 0
72228013876,2003-01-01T03:00:00,9,33.56556,-86.745,187.5,"BIRMINGHAM AIRPORT, AL US",NSRDB,99999,V020,"999,9,9,9999,9","99999,9,9,9","999999,9,9,9","+9999,9","+9999,9","99999,9",,,,,,,,,,,,,,,,,,,,,,,,,,,,,,,,,,,,"0060,0000,02,000,0000,02,000,0000,02,000",,"0060,0000,9,0000,9",,,,,,,,,,,,,,,,,,,,,,,,
72228013876,2003-01-01T03:16:00,4,33.56556,-86.745,187.5,"BIRMINGHAM AIRPORT, AL US",FM-16,KBHM ,V020,"160,1,N,0041,1","02400,1,9,N","016093,1,N,1","+0140,1","+0120,1","99999,9","01,0000,2,1",,,,,,,,,,,,,,,,,,,,,,,,,,,,"2,99,1,+00480,1,9","3,99,1,+02400,1,9","3,99,1,+03300,1,9",,"07,99,1,99,9,99,9,99999,9,99,9,99,9",,,,,,,,,,,,,,"10041,1,99999,9",,,,,"00,1",,,,,"0072,1",,,,MET082KBHM 010316Z 16008G14KT 10SM FEW016 BKN085 BKN110 14/12 A2965 RMK AO2 RAE01 P0000;,Q01+000000PRSWM2
72228013876,2003-01-01T03:53:00,C,33.56556,-86.745,187.5,"BIRMINGHAM AIRPORT, AL US",FM-15,BHM  ,V020,"150,5,N,0041,5","03353,5,M,N","016000,5,N,1","+0139,5","+0117,5","10037,5","01,0000,9,5",,,,,,,,,,,,,,,,,,,,,,,,,,,,"2,99,5,+02134,5,9","3,99,5,+03353,5,9",,,"07,99,1,99,9,99,9,99999,9,99,9,99,9",,,,,,,,,,,,,,"10041,5,99999,9",,,,,"00,1",,,,,,,,,MET089KBHM 010353Z 15008KT 10SM SCT070 BKN110 14/12 A2965 RMK AO2 RAE01 SLP037 P0000 T01390117;,Q01+000000PRSWM2N01 00000JPWTH 0
72228013876,2003-01-01T04:00:00,9,33.56556,-86.745,187.5,"BIRMINGHAM AIRPORT, AL US",NSRDB,99999,V020,"999,9,9,9999,9","99999,9,9,9","999999,9,9,9","+9999,9","+9999,9","99999,9",,,,,,,,,,,,,,,,,,,,,,,,,,,,,,,,,,,,"0060,0000,02,000,0000,02,000,0000,02,000",,"0060,0000,9,0000,9",,,,,,,,,,,,,,,,,,,,,,,,
72228013876,2003-01-01T04:53:00,C,33.56556,-86.745,187.5,"BIRMINGHAM AIRPORT, AL US",FM-15,BHM  ,V020,"170,5,N,0041,5","01829,5,M,N","006400,5,N,1","+0139,5","+0117,5","10034,5","01,0000,9,5",,,,,,,,,,,,,,,,,,,,,,,,,,,,"1,99,5,+00366,5,9","3,99,5,+01829,5,9",,,"07,99,1,99,9,99,9,99999,9,99,9,99,9",,,,,,,,,,,,,,"10037,5,99999,9",,,,,"10,1","45,5",,,,,,,,MET096KBHM 010453Z 17008KT 4SM BR FEW012 BKN060 14/12 A2964 RMK AO2 RAB0359E12 SLP034 P0000 T01390117;,Q01+000003PRSWM1Q02    003PRSWM1N01 00070JPWTH 0
72228013876,2003-01-01T05:00:00,9,33.56556,-86.745,187.5,"BIRMINGHAM AIRPORT, AL US",NSRDB,99999,V020,"999,9,9,9999,9","99999,9,9,9","999999,9,9,9","+9999,9","+9999,9","99999,9",,,,,,,,,,,,,,,,,,,,,,,,,,,,,,,,,,,,"0060,0000,02,000,0000,02,000,0000,02,000",,"0060,0000,9,0000,9",,,,,,,,,,,,,,,,,,,,,,,,
72228013876,2003-01-01T05:53:00,C,33.56556,-86.745,187.5,"BIRMINGHAM AIRPORT, AL US",FM-15,BHM  ,V020,"170,5,N,0026,5","01829,5,M,N","016000,5,N,1","+0133,5","+0117,5","10026,5","01,0000,9,5","06,0056,9,1",,,,,,,,,,,,,,,,,,,,,,,,,,,"1,99,5,+00610,5,9","2,99,5,+01280,5,9","4,99,5,+01829,5,9",,"08,99,1,99,9,99,9,99999,9,99,9,99,9",,,,,,"999,M,+0156,1","999,N,+0133,1",,,,,,,"10030,5,99999,9","8,1,011,1,+999,9",,,,"00,1",,,,,,,,,MET118KBHM 010553Z 17005KT 10SM FEW020 SCT042 OVC060 13/12 A2962 RMK AO2 SLP026 60022 T01330117 10156 20133 401560133 58011;,Q01+000000PRSWM2Q02  00568PRCP06N01 00000JPWTH 0
72228013876,2003-01-01T05:59:00,6,33.56556,-86.745,187.5,"BIRMINGHAM AIRPORT, AL US",SOD  ,KBHM ,V020,"999,9,9,9999,9","99999,9,9,9","999999,9,9,9","+9999,9","+9999,9","99999,9","24,0165,9,5",,,,,,,,,,,,,,,,,,"0000,9,5,999999,9,9","24,000,9,5","024,0000,9,5",,,,,,,,,,,,,,,,,,"240,M,+0156,5","240,N,+0133,5",,,,,,,,,"09841,9,99999,4",,,,,,,,,"1,24,01296,110,1400,5","2,24,00983,110,1412,5","3,24,00487,999,9999,5",SOD59224 HR PRECIPITATION (IN): 0.65 SNOW DEPTH (IN):0     24 HR SNOWFALL (IN):0.0  24 HR MAX TEMP (F): 6024 HR MAX TEMP TIME (LST):1905 24 HR MIN TEMP (F): 5624 HR MIN TEMP TIME (LST):2359 AVERAGE STATION PRESSURE:29.06  PEAK WIND SPEED (MPH): 29 PEAK WIND DIR (DEG):110 PEAK WIND TIME (LST):1400  FASTEST 2MIN SPEED (MPH): 22FASTEST 2MIN DIR (DEG):110 FASTEST 2MIN TIME (LST):1412 AVERAGE WIND SPEED (MPH):10.9 24 HR AVG TEMP (F):58 HOURLY INCREMENTAL PRECIPITATION VALUES (IN):.00  .00   T    T    T   .00   T    T   .03  .02  .11  .19  .08   T    T   .00  .00  .00  .00  .03  .19   T    T   .00,
72228013876,2003-01-01T05:59:00,6,33.56556,-86.745,187.5,"BIRMINGHAM AIRPORT, AL US",SOM  ,KBHM ,V020,"999,9,9,9999,9","99999,9,9,9","999999,9,9,9","+9999,9","+9999,9","99999,9",,,,"01836,9,6","00579,9,2323,9999,9999,6","12,6,08,6,99,9,03,6","005,0043,9,240214,5","010,0061,9,240218,5","015,0003,9,240224,5","020,0091,9,240229,6","030,0114,9,240220,6","045,0152,9,240235,6","060,0175,9,240249,6","080,0224,9,240231,5","100,0264,9,240233,5","120,0041,9,240245,5","150,0338,9,240309,6","180,0376,9,240331,6",,,,,,,,,,,,,,,,,,,,,,,"744,N,+0156,5","744,M,+1222,5","744,A,+0689,5","744,H,0630,7","744,C,0000,5","00,5,00,5,14,5,00,5",,,,"09956,4,10203,4","99999,999999,7,10014,241459,7",,,,,,,,,,SOM810PCP MTOT: 7.23 DEPNRM: 2.76 PCP GT 24HRS: 2.28 DATE(S):232+ DAYS W/PCP >=.01:12 DAYS W/PCP >=.10: 8 DAYS W/PCP >=1.00:  MSDP AMTS W/DATE-TIME TAGS:MIN:5  .17  24/0214 MIN:10  .24  24/0218 MIN:15  .01  24/0224 MIN:20  .36  24/0229 MIN:30  .45  24/0220 MIN:45  .60  24/0235 MIN:60  .69  24/0249 MIN:80  .88  24/0231 MIN:100 1.04  24/0233 MIN:120  .16  24/0245 MIN:150 1.33  24/0309 MIN:180 1.48  24/0331 SN GT DP ON GRND:0 - DATE(S):0  AVG DLY MIN: 34.8 AVG DLY MAX: 54.0 AVG MLY TMP: 44.4 DAYS MAX <=32:  DAYS MAX >=70: 0 DAYS MAX >=90: 0 DAYS MIN <=32:14 DAYS MIN  <=0: 0 AVG STP:29.40  AVG SLP:30.13  LWST SLP:29.57 DATE/TIME:241459 HGST SLP:  .00 DATE/TIME: 00000 HDD MTH TOT: 630 DEP NORM:  40 SEASON(JUL 1-JUN 30):    0 DEP NORM:0   0 CDD MTH TOT:   0 DEP NORM:  -3 SEASON(JAN 1-DEC 31):    0 DEP NORM:   0,R01  7.237ABP070R02  2.287ADP081R03    127AE1100R04      7AE2103R05     37AE4109R06   .367A04020R07   .457A05028R08   .607A06034R09   .697A07040R10  1.337A11066R11  1.487A12072R12   0 -7AKS007R13   6307KDH015R14   .007MKX021
72228013876,2003-01-01T06:09:00,3,33.56556,-86.745,187.5,"BIRMINGHAM AIRPORT, AL US",FM-16,KBHM ,V020,"170,1,N,0036,1","00570,1,9,N","011265,1,N,1","+0130,1","+0120,1","99999,9","01,0000,2,1",,,,,,,,,,,,,,,,,,,,,,,,,,,,"2,99,1,+00360,1,9","3,99,1,+00570,1,9","4,99,1,+01500,1,9",,"08,99,1,99,9,99,9,99999,9,99,9,99,9",,,"0060,0000,02,000,0000,02,000,0000,02,000",,"0060,0000,9,0000,9",,,,,,,,,"10031,1,99999,9",,,,,"61,1",,,,,,,,,MET084KBHM 010609Z 17007KT 7SM -RA FEW012 BKN019 OVC050 13/12 A2962 RMK AO2 RAB0557 P0000;,Q01+000003PRSWM1Q02    003PRSWM1
72228013876,2003-01-01T06:17:00,4,33.56556,-86.745,187.5,"BIRMINGHAM AIRPORT, AL US",FM-16,KBHM ,V020,"160,1,N,0036,1","00600,1,C,N","011265,1,N,1","+0130,1","+0110,1","99999,9","01,0000,2,1",,,,,,,,,,,,,,,,,,,,,,,,,,,,"2,99,1,+00360,1,9","2,99,1,+00600,1,9","4,99,1,+00900,1,9",,"08,99,1,99,9,99,9,99999,9,99,9,99,9",,,,,,,,,,,,,,"10027,1,99999,9",,,,,"00,1",,,,,,,,,MET083KBHM 010617Z 16007KT 7SM FEW012 SCT020 OVC030 13/11 A2961 RMK AO2 RAB0557E12 P0000;,Q01+000000PRSWM2
72228013876,2003-01-01T06:53:00,4,33.56556,-86.745,187.5,"BIRMINGHAM AIRPORT, AL US",FM-15,KBHM ,V020,"160,1,N,0021,1","01110,1,9,N","011265,1,N,1","+0130,1","+0110,1","10022,1","01,0000,2,1",,,,,,,,,,,,,,,,,,,,,,,,,,,,"2,99,1,+00660,1,9","3,99,1,+01110,1,9","4,99,1,+01800,1,9",,"08,99,1,99,9,99,9,99999,9,99,9,99,9",,,,,,,,,,,,,,"10027,1,99999,9",,,,,"61,1",,,,,,,,,MET107KBHM 010653Z 16004KT 7SM -RA SCT022 BKN037 OVC060 13/11 A2961 RMK AO2 RAB0557E12B43 SLP022 P0000 T01280111;,Q01+000003PRSWM1Q02    003PRSWM1
72228013876,2003-01-01T07:00:00,3,33.56556,-86.745,187.5,"BIRMINGHAM AIRPORT, AL US",FM-15,BHM  ,V020,"160,5,N,0021,5","01128,5,M,N","011200,5,N,1","+0128,5","+0111,5","10022,5","01,0000,9,5",,,,,,,,,,,,,,,,,,,,,,,,,,,,"2,99,5,+00671,5,9","3,99,5,+01128,5,9","4,99,5,+01829,5,9",,"08,99,1,99,9,99,9,99999,9,99,9,99,9",,,"0060,0000,02,000,0000,02,000,0000,02,000",,"0060,0000,9,0000,9",,,,,,,,,"10027,5,99999,9",,,,,"61,5",,,,,,,,,MET086SPECI KBHM 010700Z 15005KT 7SM BKN019 BKN024 OVC035 13/11 A2960 RMK AO2 RAE0657 P0000;,Q01+000000PRSWM2Q02    003PRSWM1N01 00020JPWTH 0
72228013876,2003-01-01T07:53:00,C,33.56556,-86.745,187.5,"BIRMINGHAM AIRPORT, AL US",FM-15,BHM  ,V020,"170,5,N,0026,5","00518,5,M,N","009600,5,N,1","+0122,5","+0111,5","10020,5","01,0000,9,5",,,,,,,,,,,,,,,,,,,,,,,,,,,,"4,99,5,+00518,5,9",,,,"08,99,1,99,9,99,9,99999,9,99,9,99,9",,,,,,,,,,,,,,"10024,5,99999,9",,,,,"10,1","45,5","51,5",,,,,,,MET093KBHM 010753Z 17005KT 6SM -DZ BR OVC017 12/11 A2960 RMK AO2 RAE46DZB51 SLP020 P0000 T01220111;,Q01+000003PRSWM1Q02    003PRSWM1N01 03370JPWTH 0
72228013876,2003-01-01T08:00:00,9,33.56556,-86.745,187.5,"BIRMINGHAM AIRPORT, AL US",NSRDB,99999,V020,"999,9,9,9999,9","99999,9,9,9","999999,9,9,9","+9999,9","+9999,9","99999,9",,,,,,,,,,,,,,,,,,,,,,,,,,,,,,,,,,,,"0060,0000,02,000,0000,02,000,0000,02,000",,"0060,0000,9,0000,9",,,,,,,,,,,,,,,,,,,,,,,,
72228013876,2003-01-01T08:23:00,4,33.56556,-86.745,187.5,"BIRMINGHAM AIRPORT, AL US",FM-16,KBHM ,V020,"150,1,N,0021,1","00390,1,9,N","006437,1,N,1","+0120,1","+0110,1","99999,9","01,0003,9,1",,,,,,,,,,,,,,,,,,,,,,,,,,,,"3,99,1,+00390,1,9","4,99,1,+00570,1,9",,,"08,99,1,99,9,99,9,99999,9,99,9,99,9",,,,,,,,,,,,,,"10024,1,99999,9",,,,,"10,1","61,1",,,,,,,,MET083KBHM 010823Z 15004KT 4SM -RA BR BKN013 OVC019 12/11 A2960 RMK AO2 DZE16RAB16 P0001;,Q01+000003PRSWM1Q02    003PRSWM1
72228013876,2003-01-01T08:53:00,C,33.56556,-86.745,187.5,"BIRMINGHAM AIRPORT, AL US",FM-15,BHM  ,V020,"190,5,N,0026,5","00396,5,M,N","004800,5,N,1","+0122,5","+0111,5","10022,5","01,0000,9,5","03,0008,9,1",,,,,,,,,,,,,,,,,,,,,,,,,,,"4,99,5,+00396,5,9",,,,"08,99,1,99,9,99,9,99999,9,99,9,99,9",,,,,,,,,,,,,,"10027,5,99999,9","5,1,004,1,+999,9",,,,"10,1","45,5","61,5",,,,,,,MET105KBHM 010853Z 19005KT 3SM -RA BR OVC013 12/11 A2961 RMK AO2 DZE16RAB16 SLP022 P0003 60003 T01220111 55004;,Q01+000003PRSWM1Q02    003PRSWM1N01 02070JPWTH 0
72228013876,2003-01-01T09:00:00,9,33.56556,-86.745,187.5,"BIRMINGHAM AIRPORT, AL US",NSRDB,99999,V020,"999,9,9,9999,9","99999,9,9,9","999999,9,9,9","+9999,9","+9999,9","99999,9",,,,,,,,,,,,,,,,,,,,,,,,,,,,,,,,,,,,"0060,0000,02,000,0000,02,000,0000,02,000",,"0060,0000,9,0000,9",,,,,,,,,,,,,,,,,,,,,,,,
72228013876,2003-01-01T09:37:00,4,33.56556,-86.745,187.5,"BIRMINGHAM AIRPORT, AL US",FM-16,KBHM ,V020,"180,1,N,0036,1","00450,1,9,N","009656,1,N,1","+0120,1","+0110,1","99999,9","01,0010,9,1",,,,,,,,,,,,,,,,,,,,,,,,,,,,"3,99,1,+00450,1,9","4,99,1,+00690,1,9",,,"08,99,1,99,9,99,9,99999,9,99,9,99,9",,,,,,,,,,,,,,"10027,1,99999,9",,,,,"10,1","61,1",,,,,,,,MET078SPECI KBHM 010937Z 18007KT 6SM -RA BR BKN015 OVC023 12/11 A2961 RMK AO2 P0004;,Q01+000003PRSWM1Q02    003PRSWM1
72228013876,2003-01-01T09:53:00,C,33.56556,-86.745,187.5,"BIRMINGHAM AIRPORT, AL US",FM-15,BHM  ,V020,"190,5,N,0021,5","00549,5,M,N","009600,5,N,1","+0122,5","+0111,5","10024,5","01,0000,9,5",,,,,,,,,,,,,,,,,,,,,,,,,,,,"1,99,5,+00305,5,9","4,99,5,+00549,5,9",,,"08,99,1,99,9,99,9,99999,9,99,9,99,9",,,,,,,,,,,,,,"10027,5,99999,9",,,,,"10,1","45,5","61,5",,,,,,,MET089KBHM 010953Z 19004KT 6SM -RA BR FEW010 OVC018 12/11 A2961 RMK AO2 SLP024 P0005 T01220111;,Q01+000003PRSWM1Q02    003PRSWM1N01 02070JPWTH 0
72228013876,2003-01-01T10:09:00,3,33.56556,-86.745,187.5,"BIRMINGHAM AIRPORT, AL US",FM-16,KBHM ,V020,"190,1,N,0021,1","00420,1,9,N","009656,1,N,1","+0120,1","+0110,1","99999,9","01,0000,2,1",,,,,,,,,,,,,,,,,,,,,,,,,,,,"3,99,1,+00420,1,9","4,99,1,+00600,1,9",,,"08,99,1,99,9,99,9,99999,9,99,9,99,9",,,"0060,0000,02,000,0000,02,000,0000,02,000",,"0060,0000,9,0000,9",,,,,,,,,"10031,1,99999,9",,,,,"10,1",,,,,,,,,MET074KBHM 011009Z 19004KT 6SM BR BKN014 OVC020 12/11 A2962 RMK AO2 RAE07 P0000;,Q01+000003PRSWM1Q02    003PRSWM1
72228013876,2003-01-01T10:45:00,4,33.56556,-86.745,187.5,"BIRMINGHAM AIRPORT, AL US",FM-15,KBHM ,V020,"230,1,N,0031,1","00210,1,C,N","006437,1,N,1","+0120,1","+0110,1","99999,9","01,0003,9,1",,,,,,,,,,,,,,,,,,,,,,,,,,,,"4,99,1,+00240,1,9",,,,"08,99,1,99,9,99,9,99999,9,99,9,99,9",,,,,,,,,,,,,,"10031,1,99999,9",,,,,"10,1","51,1",,,,,,,,MET088KBHM 011045Z 23006KT 4SM -DZ BR OVC008 12/11 A2962 RMK AO2 RAE34DZB41 CIG 007V012 P0001;,Q01+000003PRSWM1Q02    003PRSWM1
72228013876,2003-01-01T10:53:00,C,33.56556,-86.745,187.5,"BIRMINGHAM AIRPORT, AL US",FM-15,BHM  ,V020,"220,5,N,0041,5","00244,5,M,N","006400,5,N,1","+0122,5","+0111,5","10028,5","01,0000,9,5",,,,,,,,,,,,,,,,,,,,,,,,,,,,"3,99,5,+00244,5,9","4,99,5,+00366,5,9",,,"08,99,1,99,9,99,9,99999,9,99,9,99,9",,,,,,,,,,,,,,"10034,5,99999,9",,,,,"10,1","45,5","51,5",,,,,,,MET112KBHM 011053Z 22008KT 4SM -DZ BR BKN008 OVC012 12/11 A2963 RMK AO2 RAE34DZB41 CIG 007V010 SLP028 P0001 T01220111;,Q01+000003PRSWM1Q02    003PRSWM1N01 03370JPWTH 0
72228013876,2003-01-01T11:00:00,9,33.56556,-86.745,187.5,"BIRMINGHAM AIRPORT, AL US",NSRDB,99999,V020,"999,9,9,9999,9","99999,9,9,9","999999,9,9,9","+9999,9","+9999,9","99999,9",,,,,,,,,,,,,,,,,,,,,,,,,,,,,,,,,,,,"0060,0000,02,000,0000,02,000,0000,02,000",,"0060,0000,9,0000,9",,,,,,,,,,,,,,,,,,,,,,,,
72228013876,2003-01-01T11:53:00,C,33.56556,-86.745,187.5,"BIRMINGHAM AIRPORT, AL US",FM-15,BHM  ,V020,"220,5,N,0057,5","00183,5,M,N","004800,5,N,1","+0111,5","+0100,5","10039,5","01,0000,9,5","06,0023,9,1","24,0188,9,1",,,,,,,,,,,,,,,,,,,,,,,,,,"4,99,5,+00183,5,9",,,,"08,99,1,99,9,99,9,99999,9,99,9,99,9",,,,,,"999,M,+0133,1","999,N,+0111,1",,,,,,,"10041,5,99999,9","3,1,015,1,+999,9",,,,"10,1","45,5","51,5",,,,,,,MET141KBHM 011153Z 22011KT 3SM -DZ BR OVC006 11/10 A2965 RMK AO2 DZE25B46RAB25E39 CIG 004V010 SLP039 P0000 60009 70074 T01110100 10133 20111 53015;,Q01+000003PRSWM1Q02  00238PRCP06Q03  01888PRCP24Q04    003PRSWM1N01 03370JPWTH 0
72228013876,2003-01-01T12:00:00,9,33.56556,-86.745,187.5,"BIRMINGHAM AIRPORT, AL US",NSRDB,99999,V020,"999,9,9,9999,9","99999,9,9,9","999999,9,9,9","+9999,9","+9999,9","99999,9",,,,,,,,,,,,,,,,,,,,,,,,,,,,,,,,,,,,"0060,0000,02,000,0000,02,000,0000,02,000",,"0060,0000,9,0000,9",,,,,,,,,,,,,,,,,,,,,,,,
72228013876,2003-01-01T12:53:00,C,33.56556,-86.745,187.5,"BIRMINGHAM AIRPORT, AL US",FM-15,BHM  ,V020,"220,5,N,0052,5","00183,5,M,N","003200,5,N,1","+0100,5","+0094,5","10054,5","01,0000,9,5",,,,,,,,,,,,,,,,,,,,,,,,,,,,"3,99,5,+00183,5,9","4,99,5,+00335,5,9",,,"08,99,1,99,9,99,9,99999,9,99,9,99,9",,,,,,,,,,,,,,"10058,5,99999,9",,,,,"10,1","45,5","51,5",,,,,,,MET101KBHM 011253Z 22010KT 2SM -DZ BR BKN006 OVC011 10/09 A2970 RMK AO2 CIG 005V009 SLP054 P0000 T01000094;,Q01+000003PRSWM1Q02    003PRSWM1N01 03370JPWTH 0
72228013876,2003-01-01T13:00:00,9,33.56556,-86.745,187.5,"BIRMINGHAM AIRPORT, AL US",NSRDB,99999,V020,"999,9,9,9999,9","99999,9,9,9","999999,9,9,9","+9999,9","+9999,9","99999,9",,,,,,,,,,,,,,,,,,,,,,,,,,,,,,,,,,,,"0060,0000,02,008,0000,02,015,0000,02,008","0060,0895,9,1180,9","0060,0002,9,0177,9",,,,,,,,,,,,,,,,,,,,,,,,
72228013876,2003-01-01T13:21:00,4,33.56556,-86.745,187.5,"BIRMINGHAM AIRPORT, AL US",FM-16,KBHM ,V020,"230,1,N,0051,1","00150,1,C,N","009656,1,N,1","+0100,1","+0090,1","99999,9","01,0000,2,1",,,,,,,,,,,,,,,,,,,,,,,,,,,,"4,99,1,+00240,1,9",,,,"08,99,1,99,9,99,9,99999,9,99,9,99,9",,,,,,,,,,,,,,"10064,1,99999,9",,,,,"10,1",,,,,,,,,MET079KBHM 011321Z 23010KT 6SM BR OVC008 10/09 A2972 RMK AO2 DZE15 CIG 005V010 P0000;,Q01+000003PRSWM1Q02    003PRSWM1
72228013876,2003-01-01T13:43:00,4,33.56556,-86.745,187.5,"BIRMINGHAM AIRPORT, AL US",FM-16,KBHM ,V020,"230,1,N,0057,1","00180,1,9,N","004023,1,N,1","+0100,1","+0090,1","99999,9","01,0000,2,1",,,,,,,,,,,,,,,,,,,,,,,,,,,,"4,99,1,+00180,1,9",,,,"08,99,1,99,9,99,9,99999,9,99,9,99,9",,,,,,,,,,,,,,"10068,1,99999,9",,,,,"10,1","51,1",,,,,,,,MET078KBHM 011343Z 23011KT 2 1/2SM -DZ BR OVC006 10/09 A2973 RMK AO2 DZE15B37 P0000;,Q01+000003PRSWM1Q02    003PRSWM1
72228013876,2003-01-01T13:53:00,C,33.56556,-86.745,187.5,"BIRMINGHAM AIRPORT, AL US",FM-15,BHM  ,V020,"230,5,N,0052,5","00183,5,M,N","004000,5,N,1","+0100,5","+0094,5","10069,5","01,0000,9,5",,,,,,,,,,,,,,,,,,,,,,,,,,,,"4,99,5,+00183,5,9",,,,"08,99,1,99,9,99,9,99999,9,99,9,99,9",,,,,,,,,,,,,,"10071,5,99999,9",,,,,"10,1","45,5","51,5",,,,,,,MET107KBHM 011353Z 23010KT 2 1/2SM -DZ BR OVC006 10/09 A2974 RMK AO2 DZE15B37 CIG 004V010 SLP069 P0000 T01000094;,Q01+000003PRSWM1Q02    003PRSWM1N01 03370JPWTH 0
72228013876,2003-01-01T14:00:00,9,33.56556,-86.745,187.5,"BIRMINGHAM AIRPORT, AL US",NSRDB,99999,V020,"999,9,9,9999,9","99999,9,9,9","999999,9,9,9","+9999,9","+9999,9","99999,9",,,,,,,,,,,,,,,,,,,,,,,,,,,,,,,,,,,,"0060,0044,02,008,0000,02,015,0044,02,008","0060,0838,9,1229,9","0060,0154,9,1415,9",,,,,,,,,,,,,,,,,,,,,,,,
72228013876,2003-01-01T14:45:00,4,33.56556,-86.745,187.5,"BIRMINGHAM AIRPORT, AL US",FM-15,KBHM ,V020,"240,1,N,0041,1","00180,1,9,N","008046,1,N,1","+0100,1","+0090,1","99999,9","01,0000,2,1",,,,,,,,,,,,,,,,,,,,,,,,,,,,"4,99,1,+00180,1,9",,,,"08,99,1,99,9,99,9,99999,9,99,9,99,9",,,,,,,,,,,,,,"10081,1,99999,9",,,,,"10,1","51,1",,,,,,,,MET083KBHM 011445Z 24008KT 5SM -DZ BR OVC006 10/09 A2977 RMK AO2 CLDS TPG RDGS E-S P0000;,Q01+000003PRSWM1Q02    003PRSWM1
72228013876,2003-01-01T14:53:00,C,33.56556,-86.745,187.5,"BIRMINGHAM AIRPORT, AL US",FM-15,BHM  ,V020,"240,5,N,0057,5","00183,5,M,N","008000,5,N,1","+0100,5","+0094,5","10080,5","01,0000,9,5","03,0000,2,1",,,,,,,,,,,,,,,,,,,,,,,,,,,"4,99,5,+00183,5,9",,,,"08,99,1,99,9,99,9,99999,9,99,9,99,9",,,,,,,,,,,,,,"10085,5,99999,9","1,1,041,1,+999,9",,,,"10,1","45,5","51,5",,,,,,,MET112KBHM 011453Z 24011KT 5SM -DZ BR OVC006 10/09 A2978 RMK AO2 SLP080 CLDS TPG RDGS E-S P0000 60000 T01000094 51041;,Q01+000003PRSWM1Q02    003PRSWM1N01 03370JPWTH 0
72228013876,2003-01-01T15:00:00,9,33.56556,-86.745,187.5,"BIRMINGHAM AIRPORT, AL US",NSRDB,99999,V020,"999,9,9,9999,9","99999,9,9,9","999999,9,9,9","+9999,9","+9999,9","99999,9",,,,,,,,,,,,,,,,,,,,,,,,,,,,,,,,,,,,"0060,0083,02,008,0000,02,015,0083,02,008","0060,0740,9,1328,9","0060,0389,9,1415,9",,,,,,,,,,,,,,,,,,,,,,,,
72228013876,2003-01-01T15:53:00,C,33.56556,-86.745,187.5,"BIRMINGHAM AIRPORT, AL US",FM-15,BHM  ,V020,"230,5,N,0041,5","00183,5,M,N","016000,5,N,1","+0094,5","+0083,5","10085,5","01,0000,9,5",,,,,,,,,,,,,,,,,,,,,,,,,,,,"4,99,5,+00183,5,9",,,,"08,99,1,99,9,99,9,99999,9,99,9,99,9",,,,,,,,,,,,,,"10088,5,99999,9",,,,,"00,1",,,,,,,,,MET084KBHM 011553Z 23008KT 10SM OVC006 09/08 A2979 RMK AO2 DZE1457 SLP085 P0000 T00940083;,Q01+000000PRSWM2N01 00000JPWTH 0
72228013876,2003-01-01T16:03:00,3,33.56556,-86.745,187.5,"BIRMINGHAM AIRPORT, AL US",FM-16,KBHM ,V020,"230,1,N,0051,1","00120,1,9,N","008046,1,N,1","+0090,1","+0080,1","99999,9",,,,,,,,,,,,,,,,,,,,,,,,,,,,,"4,99,1,+00120,1,9",,,,"08,99,1,99,9,99,9,99999,9,99,9,99,9",,,"0060,0086,02,008,0000,02,015,0086,02,008","0060,0658,9,1446,9","0060,0580,9,1415,9",,,,,,,,,"10088,1,99999,9",,,,,"10,1",,,,,,,,,MET061SPECI KBHM 011603Z 23010KT 5SM BR OVC004 09/08 A2979 RMK AO2;,Q01+000003PRSWM1Q02    003PRSWM1
72228013876,2003-01-01T16:53:00,C,33.56556,-86.745,187.5,"BIRMINGHAM AIRPORT, AL US",FM-15,BHM  ,V020,"250,5,N,0036,5","00122,5,M,N","008000,5,N,1","+0094,5","+0083,5","10086,5","01,0000,9,5",,,,,,,,,,,,,,,,,,,,,,,,,,,,"4,99,5,+00122,5,9",,,,"08,99,1,99,9,99,9,99999,9,99,9,99,9",,,,,,,,,,,,,,"10088,5,99999,9",,,,,"10,1","45,5","51,5",,,,,,,MET101KBHM 011653Z 25007KT 5SM -DZ BR OVC004 09/08 A2979 RMK AO2 DZB41 SLP086 RDGS OBSCD E P0000 T00940083;,Q01+000003PRSWM1Q02    003PRSWM1N01 03370JPWTH 0
72228013876,2003-01-01T17:00:00,9,33.56556,-86.745,187.5,"BIRMINGHAM AIRPORT, AL US",NSRDB,99999,V020,"999,9,9,9999,9","99999,9,9,9","999999,9,9,9","+9999,9","+9999,9","99999,9",,,,,,,,,,,,,,,,,,,,,,,,,,,,,,,,,,,,"0060,0088,02,008,0000,02,015,0088,02,008","0060,0598,9,1586,9","0060,0711,9,1415,9",,,,,,,,,,,,,,,,,,,,,,,,
72228013876,2003-01-01T17:53:00,C,33.56556,-86.745,187.5,"BIRMINGHAM AIRPORT, AL US",FM-15,BHM  ,V020,"240,5,N,0046,5","00152,5,M,N","006400,5,N,1","+0089,5","+0083,5","10087,5","01,0000,9,5","06,0000,2,1",,,,,,,,,,,,,,,,,,,,,,,,,,,"4,99,5,+00152,5,9",,,,"08,99,1,99,9,99,9,99999,9,99,9,99,9",,,,,,"999,M,+0111,1","999,N,+0089,1",,,,,,,"10091,5,99999,9","1,1,007,1,+999,9",,,,"10,1","45,5",,,,,,,,MET126KBHM 011753Z 24009KT 4SM BR OVC005 09/08 A2980 RMK AO2 DZE06B22E38 CIG 002V007 SLP087 P0000 60000 T00890083 10111 20089 51007;,Q01+000003PRSWM1Q02  99998PRCP06Q03    003PRSWM1N01 00070JPWTH 0
72228013876,2003-01-01T18:00:00,9,33.56556,-86.745,187.5,"BIRMINGHAM AIRPORT, AL US",NSRDB,99999,V020,"999,9,9,9999,9","99999,9,9,9","999999,9,9,9","+9999,9","+9999,9","99999,9",,,,,,,,,,,,,,,,,,,,,,,,,,,,,,,,,,,,"0060,0091,02,008,0000,02,015,0091,02,008","0060,0569,9,1744,9","0060,0773,9,1415,9",,,,,,,,,,,,,,,,,,,,,,,,
72228013876,2003-01-01T18:29:00,4,33.56556,-86.745,187.5,"BIRMINGHAM AIRPORT, AL US",FM-16,KBHM ,V020,"240,1,N,0046,1","00150,1,9,N","002414,1,N,1","+0090,1","+0080,1","99999,9","01,0000,2,1",,,,,,,,,,,,,,,,,,,,,,,,,,,,"4,99,1,+00150,1,9",,,,"08,99,1,99,9,99,9,99999,9,99,9,99,9",,,,,,,,,,,,,,"10091,1,99999,9",,,,,"10,1","51,1",,,,,,,,MET075KBHM 011829Z 24009KT 1 1/2SM -DZ BR OVC005 09/08 A2980 RMK AO2 DZB25 P0000;,Q01+000003PRSWM1Q02    003PRSWM1
72228013876,2003-01-01T18:53:00,C,33.56556,-86.745,187.5,"BIRMINGHAM AIRPORT, AL US",FM-15,BHM  ,V020,"230,5,N,0052,5","00152,5,M,N","004800,5,N,1","+0089,5","+0078,5","10088,5","01,0000,9,5",,,,,,,,,,,,,,,,,,,,,,,,,,,,"4,99,5,+00152,5,9",,,,"08,99,1,99,9,99,9,99999,9,99,9,99,9",,,,,,,,,,,,,,"10091,5,99999,9",,,,,"10,1","45,5","51,5",,,,,,,MET108KBHM 011853Z 23010KT 3SM -DZ BR OVC005 09/08 A2980 RMK AO2 DZB25 CIG 003V008 SLP088 VIS SW4 P0000 T00890078;,Q01+000003PRSWM1Q02    003PRSWM1N01 03370JPWTH 0
72228013876,2003-01-01T19:00:00,9,33.56556,-86.745,187.5,"BIRMINGHAM AIRPORT, AL US",NSRDB,99999,V020,"999,9,9,9999,9","99999,9,9,9","999999,9,9,9","+9999,9","+9999,9","99999,9",,,,,,,,,,,,,,,,,,,,,,,,,,,,,,,,,,,,"0060,0089,02,008,0000,02,015,0089,02,008","0060,0575,9,1907,9","0060,0761,9,1415,9",,,,,,,,,,,,,,,,,,,,,,,,
72228013876,2003-01-01T19:53:00,C,33.56556,-86.745,187.5,"BIRMINGHAM AIRPORT, AL US",FM-15,BHM  ,V020,"220,5,N,0052,5","00152,5,M,N","006400,5,N,1","+0083,5","+0078,5","10098,5","01,0000,9,5",,,,,,,,,,,,,,,,,,,,,,,,,,,,"4,99,5,+00152,5,9",,,,"08,99,1,99,9,99,9,99999,9,99,9,99,9",,,,,,,,,,,,,,"10102,5,99999,9",,,,,"10,1","45,5","51,5",,,,,,,MET105KBHM 011953Z 22010KT 4SM -DZ BR OVC005 08/08 A2983 RMK AO2 DZE1855B52 CIG 004V010 SLP098 P0000 T00830078;,Q01+000003PRSWM1Q02    003PRSWM1N01 03370JPWTH 0
72228013876,2003-01-01T20:00:00,9,33.56556,-86.745,187.5,"BIRMINGHAM AIRPORT, AL US",NSRDB,99999,V020,"999,9,9,9999,9","99999,9,9,9","999999,9,9,9","+9999,9","+9999,9","99999,9",,,,,,,,,,,,,,,,,,,,,,,,,,,,,,,,,,,,"0060,0080,02,008,0000,02,015,0080,02,008","0060,0614,9,2061,9","0060,0677,9,1415,9",,,,,,,,,,,,,,,,,,,,,,,,
72228013876,2003-01-01T20:53:00,C,33.56556,-86.745,187.5,"BIRMINGHAM AIRPORT, AL US",FM-15,BHM  ,V020,"270,5,N,0052,5","00152,5,M,N","009600,5,N,1","+0083,5","+0072,5","10106,5","01,0000,9,5","03,0000,2,1",,,,,,,,,,,,,,,,,,,,,,,,,,,"4,99,5,+00152,5,9",,,,"08,99,1,99,9,99,9,99999,9,99,9,99,9",,,,,,,,,,,,,,"10108,5,99999,9","3,1,017,1,+999,9",,,,"10,1","45,5","51,5",,,,,,,MET103KBHM 012053Z 27010KT 6SM -DZ BR OVC005 08/07 A2985 RMK AO2 DZE10B26 SLP106 P0000 60000 T00830072 53017;,Q01+000003PRSWM1Q02    003PRSWM1N01 03370JPWTH 0
72228013876,2003-01-01T21:00:00,9,33.56556,-86.745,187.5,"BIRMINGHAM AIRPORT, AL US",NSRDB,99999,V020,"999,9,9,9999,9","99999,9,9,9","999999,9,9,9","+9999,9","+9999,9","99999,9",,,,,,,,,,,,,,,,,,,,,,,,,,,,,,,,,,,,"0060,0097,02,008,0000,02,015,0097,02,008","0060,0681,9,2194,9","0060,0526,9,1415,9",,,,,,,,,,,,,,,,,,,,,,,,
72228013876,2003-01-01T21:53:00,C,33.56556,-86.745,187.5,"BIRMINGHAM AIRPORT, AL US",FM-15,BHM  ,V020,"250,5,N,0046,5","00213,5,M,N","006400,5,N,1","+0083,5","+0072,5","10112,5","01,0000,9,5",,,,,,,,,,,,,,,,,,,,,,,,,,,,"3,99,5,+00213,5,9","4,99,5,+00366,5,9",,,"08,99,1,99,9,99,9,99999,9,99,9,99,9",,,,,,,,,,,,,,"10115,5,99999,9",,,,,"10,1","45,5","51,5",,,,,,,MET101KBHM 012153Z 25009KT 4SM -DZ BR BKN007 OVC012 08/07 A2987 RMK AO2 CIG 005V010 SLP112 P0000 T00830072;,Q01+000003PRSWM1Q02    003PRSWM1N01 03370JPWTH 0
72228013876,2003-01-01T22:10:00,3,33.56556,-86.745,187.5,"BIRMINGHAM AIRPORT, AL US",FM-16,KBHM ,V020,"260,1,N,0041,1","00120,1,C,N","003218,1,N,1","+0080,1","+0070,1","99999,9","01,0000,2,1",,,,,,,,,,,,,,,,,,,,,,,,,,,,"3,99,1,+00180,1,9","4,99,1,+00300,1,9",,,"08,99,1,99,9,99,9,99999,9,99,9,99,9",,,"0060,0099,02,008,0050,02,015,0088,02,008","0060,0769,9,2305,9","0060,0319,9,1415,9",,,,,,,,,"10119,1,99999,9",,,,,"10,1","51,1",,,,,,,,MET084KBHM 012210Z 26008KT 2SM -DZ BR BKN006 OVC010 08/07 A2988 RMK AO2 CIG 004V008 P0000;,Q01+000003PRSWM1Q02    003PRSWM1
72228013876,2003-01-01T22:53:00,C,33.56556,-86.745,187.5,"BIRMINGHAM AIRPORT, AL US",FM-15,BHM  ,V020,"270,5,N,0031,5","00152,5,M,N","004800,5,N,1","+0078,5","+0072,5","10118,5","01,0000,9,5",,,,,,,,,,,,,,,,,,,,,,,,,,,,"4,99,5,+00152,5,9",,,,"08,99,1,99,9,99,9,99999,9,99,9,99,9",,,,,,,,,,,,,,"10119,5,99999,9",,,,,"10,1","45,5","51,5",,,,,,,MET094KBHM 012253Z 27006KT 3SM -DZ BR OVC005 08/07 A2988 RMK AO2 CIG 004V008 SLP118 P0000 T00780072;,Q01+000003PRSWM1Q02    003PRSWM1N01 03370JPWTH 0
72228013876,2003-01-01T23:00:00,9,33.56556,-86.745,187.5,"BIRMINGHAM AIRPORT, AL US",NSRDB,99999,V020,"999,9,9,9999,9","99999,9,9,9","999999,9,9,9","+9999,9","+9999,9","99999,9",,,,,,,,,,,,,,,,,,,,,,,,,,,,,,,,,,,,"0060,0017,02,008,0083,02,015,0013,02,008","0060,0860,9,2391,9","0060,0080,9,1144,9",,,,,,,,,,,,,,,,,,,,,,,,
72228013876,2003-01-01T23:22:00,4,33.56556,-86.745,187.5,"BIRMINGHAM AIRPORT, AL US",FM-16,KBHM ,V020,"280,1,N,0046,1","00150,1,9,N","003218,1,N,1","+0080,1","+0070,1","99999,9","01,0000,2,1",,,,,,,,,,,,,,,,,,,,,,,,,,,,"4,99,1,+00150,1,9",,,,"08,99,1,99,9,99,9,99999,9,99,9,99,9",,,,,,,,,,,,,,"10125,1,99999,9",,,,,"10,1","51,1",,,,,,,,MET065KBHM 012322Z 28009KT 2SM -DZ BR OVC005 08/07 A2990 RMK AO2 P0000;,Q01+000003PRSWM1Q02    003PRSWM1
72228013876,2003-01-01T23:53:00,C,33.56556,-86.745,187.5,"BIRMINGHAM AIRPORT, AL US",FM-15,BHM  ,V020,"270,5,N,0036,5","00213,5,M,N","002800,5,N,1","+0078,5","+0067,5","10128,5","01,0000,9,5","06,0000,2,1",,,,,,,,,,,,,,,,,,,,,,,,,,,"4,99,5,+00213,5,9",,,,"08,99,1,99,9,99,9,99999,9,99,9,99,9",,,,,,"999,M,+0089,1","999,N,+0078,1",,,,,,,"10129,5,99999,9","3,1,021,1,+999,9",,,,"10,1","45,5","51,5",,,,,,,MET110KBHM 012353Z 27007KT 1 3/4SM -DZ BR OVC007 08/07 A2991 RMK AO2 SLP128 P0000 60000 T00780067 10089 20078 53021;,Q01+000003PRSWM1Q02  99998PRCP06Q03    003PRSWM1N01 03370JPWTH 0
72228013876,2003-01-02T00:00:00,9,33.56556,-86.745,187.5,"BIRMINGHAM AIRPORT, AL US",NSRDB,99999,V020,"999,9,9,9999,9","99999,9,9,9","999999,9,9,9","+9999,9","+9999,9","99999,9",,,,,,,,,,,,,,,,,,,,,,,,,,,,,,,,,,,,"0060,0000,02,000,0000,02,000,0000,02,000",,"0060,0000,9,0000,9",,,,,,,,,,,,,,,,,,,,,,,,
72228013876,2003-01-02T00:37:00,4,33.56556,-86.745,187.5,"BIRMINGHAM AIRPORT, AL US",FM-16,KBHM ,V020,"280,1,N,0031,1","00360,1,9,N","004023,1,N,1","+0080,1","+0070,1","99999,9","01,0000,2,1",,,,,,,,,,,,,,,,,,,,,,,,,,,,"2,99,1,+00210,1,9","4,99,1,+00360,1,9",,,"08,99,1,99,9,99,9,99999,9,99,9,99,9",,,,,,,,,,,,,,"10135,1,99999,9",,,,,"10,1","51,1",,,,,,,,MET076KBHM 020037Z 28006KT 2 1/2SM -DZ BR SCT007 OVC012 08/07 A2993 RMK AO2 P0000;,Q01+000003PRSWM1Q02    003PRSWM1
72228013876,2003-01-02T00:53:00,4,33.56556,-86.745,187.5,"BIRMINGHAM AIRPORT, AL US",FM-15,KBHM ,V020,"300,1,N,0021,1","00360,1,9,N","004023,1,N,1","+0080,1","+0070,1","10132,1","01,0000,2,1",,,,,,,,,,,,,,,,,,,,,,,,,,,,"2,99,1,+00210,1,9","4,99,1,+00360,1,9",,,"08,99,1,99,9,99,9,99999,9,99,9,99,9",,,,,,,,,,,,,,"10132,1,99999,9",,,,,"10,1",,,,,,,,,MET095KBHM 020053Z 30004KT 2 1/2SM BR SCT007 OVC012 08/07 A2992 RMK AO2 DZE49 SLP132 P0000 T00780067;,Q01+000003PRSWM1Q02    003PRSWM1
72228013876,2003-01-02T01:00:00,3,33.56556,-86.745,187.5,"BIRMINGHAM AIRPORT, AL US",FM-15,BHM  ,V020,"300,5,N,0021,5","00366,5,M,N","004000,5,N,1","+0078,5","+0067,5","10132,5","01,0000,9,5",,,,,,,,,,,,,,,,,,,,,,,,,,,,"2,99,5,+00213,5,9","4,99,5,+00366,5,9",,,"08,99,1,99,9,99,9,99999,9,99,9,99,9",,,"0060,0000,02,000,0000,02,000,0000,02,000",,"0060,0000,9,0000,9",,,,,,,,,"10132,5,99999,9",,,,,"45,5",,,,,,,,,MET077SPECI KBHM 020055Z 30004KT 8SM BKN007 OVC012 08/07 A2992 RMK AO2 CIG 004V008;,Q01+000000PRSWM2Q02    003PRSWM1N01 00070JPWTH 0
72228013876,2003-01-02T01:02:00,4,33.56556,-86.745,187.5,"BIRMINGHAM AIRPORT, AL US",FM-16,KBHM ,V020,"290,1,N,0015,1","00120,1,C,N","004023,1,N,1","+0080,1","+0070,1","99999,9",,,,,,,,,,,,,,,,,,,,,,,,,,,,,"3,99,1,+00150,1,9","4,99,1,+00360,1,9",,,"08,99,1,99,9,99,9,99999,9,99,9,99,9",,,,,,,,,,,,,,"10132,1,99999,9",,,,,"10,1",,,,,,,,,MET078KBHM 020102Z 29003KT 2 1/2SM BR BKN005 OVC012 08/07 A2992 RMK AO2 CIG 004V008;,Q01+000003PRSWM1Q02    003PRSWM1
72228013876,2003-01-02T01:30:00,4,33.56556,-86.745,187.5,"BIRMINGHAM AIRPORT, AL US",FM-15,KBHM ,V020,"220,1,N,0021,1","00300,1,9,N","004828,1,N,1","+0080,1","+0070,1","99999,9",,,,,,,,,,,,,,,,,,,,,,,,,,,,,"2,99,1,+00150,1,9","4,99,1,+00300,1,9",,,"08,99,1,99,9,99,9,99999,9,99,9,99,9",,,,,,,,,,,,,,"10129,1,99999,9",,,,,"10,1",,,,,,,,,MET062KBHM 020130Z 22004KT 3SM BR SCT005 OVC010 08/07 A2991 RMK AO2;,Q01+000003PRSWM1Q02    003PRSWM1
72228013876,2003-01-02T02:00:00,3,33.56556,-86.745,187.5,"BIRMINGHAM AIRPORT, AL US",FM-15,BHM  ,V020,"210,5,N,0015,5","00305,5,M,N","004800,5,9,9","+0078,5","+0067,5","10130,5","01,0000,9,5",,,,,,,,,,,,,,,,,,,,,,,,,,,,"4,99,5,+00305,5,9",,,,,,,"0060,0000,02,000,0000,02,000,0000,02,000",,"0060,0000,9,0000,9",,,,,,,,,"10132,5,99999,9",,,,,"45,5",,,,,,,,,,N01 00070JPWTH 0
72228013876,2003-01-02T02:53:00,C,33.56556,-86.745,187.5,"BIRMINGHAM AIRPORT, AL US",FM-15,BHM  ,V020,"210,5,N,0026,5","00366,5,M,N","004800,5,N,1","+0078,5","+0067,5","10133,5","01,0000,9,5","03,0000,2,1",,,,,,,,,,,,,,,,,,,,,,,,,,,"1,99,5,+00091,5,9","3,99,5,+00366,5,9","4,99,5,+00579,5,9",,"08,99,1,99,9,99,9,99999,9,99,9,99,9",,,,,,,,,,,,,,"10135,5,99999,9","1,1,005,1,+999,9",,,,"10,1","45,5",,,,,,,,MET098KBHM 020253Z 21005KT 3SM BR FEW003 BKN012 OVC019 08/07 A2993 RMK AO2 SLP133 60000 T00780067 51005;,Q01+000003PRSWM1Q02  00008PRCP03Q03    003PRSWM1N01 00070JPWTH 0
72228013876,2003-01-02T03:00:00,9,33.56556,-86.745,187.5,"BIRMINGHAM AIRPORT, AL US",NSRDB,99999,V020,"999,9,9,9999,9","99999,9,9,9","999999,9,9,9","+9999,9","+9999,9","99999,9",,,,,,,,,,,,,,,,,,,,,,,,,,,,,,,,,,,,"0060,0000,02,000,0000,02,000,0000,02,000",,"0060,0000,9,0000,9",,,,,,,,,,,,,,,,,,,,,,,,
72228013876,2003-01-02T03:31:00,4,33.56556,-86.745,187.5,"BIRMINGHAM AIRPORT, AL US",FM-16,KBHM ,V020,"250,1,N,0021,1","00120,1,C,N","004023,1,N,1","+0080,1","+0070,1","99999,9",,,,,,,,,,,,,,,,,,,,,,,,,,,,,"4,99,1,+00240,1,9",,,,"08,99,1,99,9,99,9,99999,9,99,9,99,9",,,,,,,,,,,,,,"10135,1,99999,9",,,,,"10,1",,,,,,,,,MET071KBHM 020331Z 25004KT 2 1/2SM BR OVC008 08/07 A2993 RMK AO2 CIG 004V011;,Q01+000003PRSWM1Q02    003PRSWM1
72228013876,2003-01-02T03:53:00,C,33.56556,-86.745,187.5,"BIRMINGHAM AIRPORT, AL US",FM-15,BHM  ,V020,"260,5,N,0031,5","00152,5,M,N","003200,5,N,1","+0072,5","+0067,5","10139,5","01,0000,9,5",,,,,,,,,,,,,,,,,,,,,,,,,,,,"4,99,5,+00152,5,9",,,,"08,99,1,99,9,99,9,99999,9,99,9,99,9",,,,,,,,,,,,,,"10139,5,99999,9",,,,,"10,1","45,5",,,,,,,,MET084KBHM 020353Z 26006KT 2SM BR OVC005 07/07 A2994 RMK AO2 CIG 003V010 SLP139 T00720067;,Q01+000003PRSWM1Q02    003PRSWM1N01 00070JPWTH 0
72228013876,2003-01-02T04:00:00,9,33.56556,-86.745,187.5,"BIRMINGHAM AIRPORT, AL US",NSRDB,99999,V020,"999,9,9,9999,9","99999,9,9,9","999999,9,9,9","+9999,9","+9999,9","99999,9",,,,,,,,,,,,,,,,,,,,,,,,,,,,,,,,,,,,"0060,0000,02,000,0000,02,000,0000,02,000",,"0060,0000,9,0000,9",,,,,,,,,,,,,,,,,,,,,,,,
72228013876,2003-01-02T04:34:00,4,33.56556,-86.745,187.5,"BIRMINGHAM AIRPORT, AL US",FM-16,KBHM ,V020,"240,1,N,0021,1","00060,1,C,N","002816,1,N,1","+0070,1","+0070,1","99999,9",,,,,,,,,,,,,,,,,,,,,,,,,,,,,"4,99,1,+00090,1,9",,,,"08,99,1,99,9,99,9,99999,9,99,9,99,9",,,,,,,,,,,,,,"10135,1,99999,9",,,,,"10,1",,,,,,,,,MET071KBHM 020434Z 24004KT 1 3/4SM BR OVC003 07/07 A2993 RMK AO2 CIG 002V008;,Q01+000003PRSWM1Q02    003PRSWM1
72228013876,2003-01-02T04:53:00,C,33.56556,-86.745,187.5,"BIRMINGHAM AIRPORT, AL US",FM-15,BHM  ,V020,"230,5,N,0031,5","00091,5,M,N","003200,5,N,1","+0072,5","+0072,5","10135,5","01,0000,9,5",,,,,,,,,,,,,,,,,,,,,,,,,,,,"4,99,5,+00091,5,9",,,,"08,99,1,99,9,99,9,99999,9,99,9,99,9",,,,,,,,,,,,,,"10135,5,99999,9",,,,,"10,1","45,5",,,,,,,,MET072KBHM 020453Z 23006KT 2SM BR OVC003 07/07 A2993 RMK AO2 SLP135 T00720072;,Q01+000003PRSWM1Q02    003PRSWM1N01 00070JPWTH 0
72228013876,2003-01-02T05:00:00,9,33.56556,-86.745,187.5,"BIRMINGHAM AIRPORT, AL US",NSRDB,99999,V020,"999,9,9,9999,9","99999,9,9,9","999999,9,9,9","+9999,9","+9999,9","99999,9",,,,,,,,,,,,,,,,,,,,,,,,,,,,,,,,,,,,"0060,0000,02,000,0000,02,000,0000,02,000",,"0060,0000,9,0000,9",,,,,,,,,,,,,,,,,,,,,,,,
72228013876,2003-01-02T05:53:00,C,33.56556,-86.745,187.5,"BIRMINGHAM AIRPORT, AL US",FM-15,BHM  ,V020,"240,5,N,0041,5","00213,5,M,N","003200,5,N,1","+0072,5","+0067,5","10133,5","01,0000,9,5","06,0000,2,1",,,,,,,,,,,,,,,,,,,,,,,,,,,"4,99,5,+00213,5,9",,,,"08,99,1,99,9,99,9,99999,9,99,9,99,9",,,,,,"999,M,+0078,1","999,N,+0072,1",,,,,,,"10135,5,99999,9","8,1,001,1,+999,9",,,,"10,1","45,5",,,,,,,,MET118KBHM 020553Z 24008KT 2SM BR OVC007 07/07 A2993 RMK AO2 CIG 003V010 SLP133 60000 T00720067 10078 20072 401330072 58001;,Q01+000003PRSWM1Q02  99998PRCP06Q03    003PRSWM1N01 00070JPWTH 0
72228013876,2003-01-02T05:59:00,6,33.56556,-86.745,187.5,"BIRMINGHAM AIRPORT, AL US",SOD  ,KBHM ,V020,"999,9,9,9999,9","99999,9,9,9","999999,9,9,9","+9999,9","+9999,9","99999,9","24,0023,9,5",,,,,,,,,,,,,,,,,,,,,"MW,16,RA  ,5","MW,14,DZ  ,1","MW,01,FG  ,5","MW,13,BR  ,1",,,,,,,,,"0000,5","000,5",,,,"240,M,+0133,5","240,N,+0072,6",,,,,,,,,"09848,9,99999,4",,,,,,,,,"1,24,00894,240,0615,5","2,24,00715,240,0606,5","3,24,00376,999,9999,5",SOD60524 HR PRECIPITATION (IN): 0.09 TOTAL SUNSHINE (MINUTES):   0 PERCENT POSSIBLE SUNSHINE:  0 24 HR MAX TEMP (F): 5624 HR MAX TEMP TIME (LST):0021 24 HR MIN TEMP (F): 4524 HR MIN TEMP TIME (LST):2359 AVERAGE STATION PRESSURE:29.08  PEAK WIND SPEED (MPH): 20 PEAK WIND DIR (DEG):240 PEAK WIND TIME (LST):0615  FASTEST 2MIN SPEED (MPH): 16FASTEST 2MIN DIR (DEG):240 FASTEST 2MIN TIME (LST):0606 AVERAGE WIND SPEED (MPH): 8.4 24 HR AVG TEMP (F):51 HOURLY INCREMENTAL PRECIPITATION VALUES (IN): T    T   .03  .05  .01   T    T    T    T    T    T    T    T    T    T    T    T    T    T   .00  .00  .00  .00  .00,R01    457KAN014
72228013876,2003-01-02T06:00:00,9,33.56556,-86.745,187.5,"BIRMINGHAM AIRPORT, AL US",NSRDB,99999,V020,"999,9,9,9999,9","99999,9,9,9","999999,9,9,9","+9999,9","+9999,9","99999,9",,,,,,,,,,,,,,,,,,,,,,,,,,,,,,,,,,,,"0060,0000,02,000,0000,02,000,0000,02,000",,"0060,0000,9,0000,9",,,,,,,,,,,,,,,,,,,,,,,,
72228013876,2003-01-02T06:36:00,4,33.56556,-86.745,187.5,"BIRMINGHAM AIRPORT, AL US",FM-16,KBHM ,V020,"220,1,N,0041,1","00390,1,9,N","004828,1,N,1","+0070,1","+0070,1","99999,9",,,,,,,,,,,,,,,,,,,,,,,,,,,,,"2,99,1,+00210,1,9","4,99,1,+00390,1,9",,,"08,99,1,99,9,99,9,99999,9,99,9,99,9",,,,,,,,,,,,,,"10129,1,99999,9",,,,,"10,1",,,,,,,,,MET062KBHM 020636Z 22008KT 3SM BR FEW007 OVC013 07/07 A2991 RMK AO2;,Q01+000003PRSWM1Q02    003PRSWM1
72228013876,2003-01-02T06:53:00,4,33.56556,-86.745,187.5,"BIRMINGHAM AIRPORT, AL US",FM-15,KBHM ,V020,"240,1,N,0026,1","00390,1,9,N","004828,1,N,1","+0070,1","+0070,1","10129,1",,,,,,,,,,,,,,,,,,,,,,,,,,,,,"2,99,1,+00240,1,9","4,99,1,+00390,1,9",,,"08,99,1,99,9,99,9,99999,9,99,9,99,9",,,,,,,,,,,,,,"10129,1,99999,9",,,,,"10,1",,,,,,,,,MET079KBHM 020653Z 24005KT 3SM BR SCT008 OVC013 07/07 A2991 RMK AO2 SLP129 T00720067;,Q01+000003PRSWM1Q02    003PRSWM1
72228013876,2003-01-02T07:00:00,3,33.56556,-86.745,187.5,"BIRMINGHAM AIRPORT, AL US",FM-15,BHM  ,V020,"240,5,N,0026,5","00396,5,M,N","004800,5,N,1","+0072,5","+0067,5","10129,5","01,0000,9,5",,,,,,,,,,,,,,,,,,,,,,,,,,,,"2,99,5,+00244,5,9","4,99,5,+00396,5,9",,,"08,99,1,99,9,99,9,99999,9,99,9,99,9",,,"0060,0000,02,000,0000,02,000,0000,02,000",,"0060,0000,9,0000,9",,,,,,,,,"10129,5,99999,9",,,,,"10,1","45,5",,,,,,,,MET074KBHM 020655Z 23005KT 2SM BR BKN008 OVC013 07/07 A2991 RMK AO2 CIG 005V011;,Q01+000003PRSWM1Q02    003PRSWM1N01 00070JPWTH 0
72228013876,2003-01-02T07:53:00,C,33.56556,-86.745,187.5,"BIRMINGHAM AIRPORT, AL US",FM-15,BHM  ,V020,"230,5,N,0031,5","00244,5,M,N","003200,5,N,1","+0072,5","+0061,5","10131,5","01,0000,9,5",,,,,,,,,,,,,,,,,,,,,,,,,,,,"4,99,5,+00244,5,9",,,,"08,99,1,99,9,99,9,99999,9,99,9,99,9",,,,,,,,,,,,,,"10132,5,99999,9",,,,,"10,1","45,5",,,,,,,,MET084KBHM 020753Z 23006KT 2SM BR OVC008 07/06 A2992 RMK AO2 CIG 004V010 SLP131 T00720061;,Q01+000003PRSWM1Q02    003PRSWM1N01 00070JPWTH 0
72228013876,2003-01-02T08:00:00,9,33.56556,-86.745,187.5,"BIRMINGHAM AIRPORT, AL US",NSRDB,99999,V020,"999,9,9,9999,9","99999,9,9,9","999999,9,9,9","+9999,9","+9999,9","99999,9",,,,,,,,,,,,,,,,,,,,,,,,,,,,,,,,,,,,"0060,0000,02,000,0000,02,000,0000,02,000",,"0060,0000,9,0000,9",,,,,,,,,,,,,,,,,,,,,,,,
72228013876,2003-01-02T08:13:00,4,33.56556,-86.745,187.5,"BIRMINGHAM AIRPORT, AL US",FM-16,KBHM ,V020,"230,1,N,0015,1","00330,1,9,N","004828,1,N,1","+0070,1","+0060,1","99999,9",,,,,,,,,,,,,,,,,,,,,,,,,,,,,"4,99,1,+00330,1,9",,,,"08,99,1,99,9,99,9,99999,9,99,9,99,9",,,,,,,,,,,,,,"10129,1,99999,9",,,,,"10,1",,,,,,,,,MET055KBHM 020813Z 23003KT 3SM BR OVC011 07/06 A2991 RMK AO2;,Q01+000003PRSWM1Q02    003PRSWM1
72228013876,2003-01-02T08:53:00,C,33.56556,-86.745,187.5,"BIRMINGHAM AIRPORT, AL US",FM-15,BHM  ,V020,"220,5,N,0026,5","00274,5,M,N","004800,5,N,1","+0072,5","+0061,5","10126,5","01,0000,9,5",,,,,,,,,,,,,,,,,,,,,,,,,,,,"4,99,5,+00274,5,9",,,,"08,99,1,99,9,99,9,99999,9,99,9,99,9",,,,,,,,,,,,,,"10125,5,99999,9","8,1,007,1,+999,9",,,,"10,1","45,5",,,,,,,,MET090KBHM 020853Z 22005KT 3SM BR OVC009 07/06 A2990 RMK AO2 CIG 007V014 SLP126 T00720061 58007;,Q01+000003PRSWM1Q02    003PRSWM1N01 00070JPWTH 0
72228013876,2003-01-02T09:03:00,3,33.56556,-86.745,187.5,"BIRMINGHAM AIRPORT, AL US",FM-16,KBHM ,V020,"230,1,N,0026,1","00210,1,C,N","004023,1,N,1","+0070,1","+0060,1","99999,9","01,0000,2,1",,,,,,,,,,,,,,,,,,,,,,,,,,,,"3,99,1,+00270,1,9","4,99,1,+00390,1,9",,,"08,99,1,99,9,99,9,99999,9,99,9,99,9",,,"0060,0000,02,000,0000,02,000,0000,02,000",,"0060,0000,9,0000,9",,,,,,,,,"10129,1,99999,9",,,,,"10,1","51,1",,,,,,,,MET094KBHM 020903Z 23005KT 2 1/2SM -DZ BR BKN009 OVC013 07/06 A2991 RMK AO2 DZB02 CIG 007V011 P0000;,Q01+000003PRSWM1Q02    003PRSWM1
72228013876,2003-01-02T09:53:00,C,33.56556,-86.745,187.5,"BIRMINGHAM AIRPORT, AL US",FM-15,BHM  ,V020,"240,5,N,0021,5","00396,5,M,N","004800,5,N,1","+0072,5","+0067,5","10132,5","01,0000,9,5",,,,,,,,,,,,,,,,,,,,,,,,,,,,"1,99,5,+00213,5,9","4,99,5,+00396,5,9",,,"08,99,1,99,9,99,9,99999,9,99,9,99,9",,,,,,,,,,,,,,"10132,5,99999,9",,,,,"10,1","45,5",,,,,,,,MET094KBHM 020953Z 24004KT 3SM BR FEW007 OVC013 07/07 A2992 RMK AO2 DZB02E48 SLP132 P0000 T00720067;,Q01+000003PRSWM1Q02    003PRSWM1N01 00070JPWTH 0
72228013876,2003-01-02T10:00:00,9,33.56556,-86.745,187.5,"BIRMINGHAM AIRPORT, AL US",NSRDB,99999,V020,"999,9,9,9999,9","99999,9,9,9","999999,9,9,9","+9999,9","+9999,9","99999,9",,,,,,,,,,,,,,,,,,,,,,,,,,,,,,,,,,,,"0060,0000,02,000,0000,02,000,0000,02,000",,"0060,0000,9,0000,9",,,,,,,,,,,,,,,,,,,,,,,,
72228013876,2003-01-02T10:23:00,4,33.56556,-86.745,187.5,"BIRMINGHAM AIRPORT, AL US",FM-16,KBHM ,V020,"240,1,N,0021,1","00450,1,9,N","004828,1,N,1","+0070,1","+0070,1","99999,9",,,,,,,,,,,,,,,,,,,,,,,,,,,,,"2,99,1,+00210,1,9","4,99,1,+00450,1,9",,,"08,99,1,99,9,99,9,99999,9,99,9,99,9",,,,,,,,,,,,,,"10129,1,99999,9",,,,,"10,1",,,,,,,,,MET062KBHM 021023Z 24004KT 3SM BR FEW007 OVC015 07/07 A2991 RMK AO2;,Q01+000003PRSWM1Q02    003PRSWM1
72228013876,2003-01-02T10:33:00,4,33.56556,-86.745,187.5,"BIRMINGHAM AIRPORT, AL US",FM-16,KBHM ,V020,"230,1,N,0026,1","00120,1,C,N","004828,1,N,1","+0070,1","+0070,1","99999,9",,,,,,,,,,,,,,,,,,,,,,,,,,,,,"3,99,1,+00210,1,9","4,99,1,+00450,1,9",,,"08,99,1,99,9,99,9,99999,9,99,9,99,9",,,,,,,,,,,,,,"10132,1,99999,9",,,,,"10,1",,,,,,,,,MET074KBHM 021033Z 23005KT 3SM BR BKN007 OVC015 07/07 A2992 RMK AO2 CIG 004V012;,Q01+000003PRSWM1Q02    003PRSWM1
72228013876,2003-01-02T10:53:00,C,33.56556,-86.745,187.5,"BIRMINGHAM AIRPORT, AL US",FM-15,BHM  ,V020,"260,5,N,0031,5","00213,5,M,N","004800,5,N,1","+0072,5","+0067,5","10135,5","01,0000,9,5",,,,,,,,,,,,,,,,,,,,,,,,,,,,"3,99,5,+00213,5,9","3,99,5,+00335,5,9","4,99,5,+00518,5,9",,"08,99,1,99,9,99,9,99999,9,99,9,99,9",,,,,,,,,,,,,,"10135,5,99999,9",,,,,"10,1","45,5",,,,,,,,MET098KBHM 021053Z 26006KT 3SM BR BKN007 BKN011 OVC017 07/07 A2993 RMK AO2 CIG 004V008 SLP135 T00720067;,Q01+000003PRSWM1Q02    003PRSWM1N01 00070JPWTH 0
72228013876,2003-01-02T11:05:00,3,33.56556,-86.745,187.5,"BIRMINGHAM AIRPORT, AL US",FM-16,KBHM ,V020,"250,1,N,0026,1","00270,1,C,N","004828,1,N,1","+0070,1","+0070,1","99999,9",,,,,,,,,,,,,,,,,,,,,,,,,,,,,"2,99,1,+00150,1,9","2,99,1,+00270,1,9","4,99,1,+00450,1,9",,"08,99,1,99,9,99,9,99999,9,99,9,99,9",,,"0060,0000,02,000,0000,02,000,0000,02,000",,"0060,0000,9,0000,9",,,,,,,,,"10135,1,99999,9",,,,,"10,1",,,,,,,,,MET075SPECI KBHM 021105Z 25005KT 3SM BR SCT005 SCT009 OVC015 07/07 A2993 RMK AO2;,Q01+000003PRSWM1Q02    003PRSWM1
72228013876,2003-01-02T11:15:00,4,33.56556,-86.745,187.5,"BIRMINGHAM AIRPORT, AL US",FM-16,KBHM ,V020,"230,1,N,0015,1","00390,1,9,N","004828,1,N,1","+0070,1","+0070,1","99999,9",,,,,,,,,,,,,,,,,,,,,,,,,,,,,"2,99,1,+00210,1,9","3,99,1,+00390,1,9","4,99,1,+00570,1,9",,"08,99,1,99,9,99,9,99999,9,99,9,99,9",,,,,,,,,,,,,,"10135,1,99999,9",,,,,"10,1",,,,,,,,,MET069KBHM 021115Z 23003KT 3SM BR FEW007 BKN013 OVC019 07/07 A2993 RMK AO2;,Q01+000003PRSWM1Q02    003PRSWM1
72228013876,2003-01-02T11:32:00,4,33.56556,-86.745,187.5,"BIRMINGHAM AIRPORT, AL US",FM-16,KBHM ,V020,"200,1,N,0026,1","00300,1,C,N","004828,1,N,1","+0070,1","+0070,1","99999,9",,,,,,,,,,,,,,,,,,,,,,,,,,,,,"2,99,1,+00150,1,9","2,99,1,+00300,1,9","4,99,1,+00540,1,9",,"08,99,1,99,9,99,9,99999,9,99,9,99,9",,,,,,,,,,,,,,"10135,1,99999,9",,,,,"10,1",,,,,,,,,MET069KBHM 021132Z 20005KT 3SM BR FEW005 SCT010 OVC018 07/07 A2993 RMK AO2;,Q01+000003PRSWM1Q02    003PRSWM1
72228013876,2003-01-02T11:53:00,C,33.56556,-86.745,187.5,"BIRMINGHAM AIRPORT, AL US",FM-15,BHM  ,V020,"190,5,N,0026,5","00274,5,M,N","006400,5,N,1","+0072,5","+0061,5","10134,5","01,0000,9,5","06,0000,2,1",,,,,,,,,,,,,,,,,,,,,,,,,,,"3,99,5,+00274,5,9","4,99,5,+00457,5,9",,,"08,99,1,99,9,99,9,99999,9,99,9,99,9",,,,,,"999,M,+0078,1","999,N,+0072,1",,,,,,,"10135,5,99999,9","0,1,008,1,+999,9",,,,"10,1","45,5",,,,,,,,MET115KBHM 021153Z 19005KT 4SM BR BKN009 OVC015 07/06 A2993 RMK AO2 CIG 006V011 SLP134 60000 T00720061 10078 20072 50008;,Q01+000003PRSWM1Q02  99998PRCP06Q03    003PRSWM1N01 00070JPWTH 0
72228013876,2003-01-02T12:00:00,9,33.56556,-86.745,187.5,"BIRMINGHAM AIRPORT, AL US",NSRDB,99999,V020,"999,9,9,9999,9","99999,9,9,9","999999,9,9,9","+9999,9","+9999,9","99999,9",,,,,,,,,,,,,,,,,,,,,,,,,,,,,,,,,,,,"0060,0000,02,000,0000,02,000,0000,02,000",,"0060,0000,9,0000,9",,,,,,,,,,,,,,,,,,,,,,,,
72228013876,2003-01-02T12:15:00,4,33.56556,-86.745,187.5,"BIRMINGHAM AIRPORT, AL US",FM-16,KBHM ,V020,"190,1,N,0031,1","00450,1,9,N","006437,1,N,1","+0070,1","+0060,1","99999,9",,,,,,,,,,,,,,,,,,,,,,,,,,,,,"2,99,1,+00270,1,9","4,99,1,+00450,1,9",,,"08,99,1,99,9,99,9,99999,9,99,9,99,9",,,,,,,,,,,,,,"10132,1,99999,9",,,,,"10,1",,,,,,,,,MET062KBHM 021215Z 19006KT 4SM BR SCT009 OVC015 07/06 A2992 RMK AO2;,Q01+000003PRSWM1Q02    003PRSWM1
72228013876,2003-01-02T12:22:00,4,33.56556,-86.745,187.5,"BIRMINGHAM AIRPORT, AL US",FM-16,KBHM ,V020,"190,1,N,0026,1","00390,1,9,N","006437,1,N,1","+0070,1","+0050,1","99999,9",,,,,,,,,,,,,,,,,,,,,,,,,,,,,"4,99,1,+00390,1,9",,,,"08,99,1,99,9,99,9,99999,9,99,9,99,9",,,,,,,,,,,,,,"10135,1,99999,9",,,,,"10,1",,,,,,,,,MET055KBHM 021222Z 19005KT 4SM BR OVC013 07/05 A2993 RMK AO2;,Q01+000003PRSWM1Q02    003PRSWM1
72228013876,2003-01-02T12:53:00,C,33.56556,-86.745,187.5,"BIRMINGHAM AIRPORT, AL US",FM-15,BHM  ,V020,"220,5,N,0031,5","00335,5,M,N","006400,5,N,1","+0072,5","+0056,5","10139,5","01,0000,9,5",,,,,,,,,,,,,,,,,,,,,,,,,,,,"4,99,5,+00335,5,9",,,,"08,99,1,99,9,99,9,99999,9,99,9,99,9",,,,,,,,,,,,,,"10139,5,99999,9",,,,,"10,1","45,5",,,,,,,,MET072KBHM 021253Z 22006KT 4SM BR OVC011 07/06 A2994 RMK AO2 SLP139 T00720056;,Q01+000003PRSWM1Q02    003PRSWM1N01 00070JPWTH 0
72228013876,2003-01-02T13:00:00,9,33.56556,-86.745,187.5,"BIRMINGHAM AIRPORT, AL US",NSRDB,99999,V020,"999,9,9,9999,9","99999,9,9,9","999999,9,9,9","+9999,9","+9999,9","99999,9",,,,,,,,,,,,,,,,,,,,,,,,,,,,,,,,,,,,"0060,0000,02,008,0000,02,015,0000,02,008","0060,0894,9,1180,9","0060,0002,9,0153,9",,,,,,,,,,,,,,,,,,,,,,,,
72228013876,2003-01-02T13:53:00,C,33.56556,-86.745,187.5,"BIRMINGHAM AIRPORT, AL US",FM-15,BHM  ,V020,"180,5,N,0036,5","00335,5,M,N","011200,5,N,1","+0072,5","+0050,5","10135,5","01,0000,9,5",,,,,,,,,,,,,,,,,,,,,,,,,,,,"3,99,5,+00335,5,9",,,,"07,99,1,99,9,99,9,99999,9,99,9,99,9",,,,,,,,,,,,,,"10135,5,99999,9",,,,,"00,1",,,,,,,,,MET069KBHM 021353Z 18007KT 7SM BKN011 07/05 A2993 RMK AO2 SLP135 T00720050;,Q01+000000PRSWM2N01 00000JPWTH 0
72228013876,2003-01-02T14:00:00,9,33.56556,-86.745,187.5,"BIRMINGHAM AIRPORT, AL US",NSRDB,99999,V020,"999,9,9,9999,9","99999,9,9,9","999999,9,9,9","+9999,9","+9999,9","99999,9",,,,,,,,,,,,,,,,,,,,,,,,,,,,,,,,,,,,"0060,0044,02,008,0000,02,015,0044,02,008","0060,0838,9,1228,9","0060,0153,9,1415,9",,,,,,,,,,,,,,,,,,,,,,,,
72228013876,2003-01-02T14:43:00,4,33.56556,-86.745,187.5,"BIRMINGHAM AIRPORT, AL US",FM-16,KBHM ,V020,"190,1,N,0031,1","00270,1,9,N","016093,1,N,1","+0080,1","+0060,1","99999,9",,,,,,,,,,,,,,,,,,,,,,,,,,,,,"4,99,1,+00270,1,9",,,,"08,99,1,99,9,99,9,99999,9,99,9,99,9",,,,,,,,,,,,,,"10139,1,99999,9",,,,,"00,1",,,,,,,,,MET065KBHM 021443Z 19006KT 10SM OVC009 08/06 A2994 RMK AO2 CIG 009V015;,Q01+000000PRSWM2
72228013876,2003-01-02T14:53:00,C,33.56556,-86.745,187.5,"BIRMINGHAM AIRPORT, AL US",FM-15,BHM  ,V020,"190,5,N,0031,5","00274,5,M,N","016000,5,N,1","+0078,5","+0056,5","10138,5","01,0000,9,5",,,,,,,,,,,,,,,,,,,,,,,,,,,,"4,99,5,+00274,5,9",,,,"08,99,1,99,9,99,9,99999,9,99,9,99,9",,,,,,,,,,,,,,"10139,5,99999,9","1,1,004,1,+999,9",,,,"00,1",,,,,,,,,MET088KBHM 021453Z 19006KT 10SM OVC009 08/06 A2994 RMK AO2 CIG 009V014 SLP138 T00780056 51004;,Q01+000000PRSWM2N01 00000JPWTH 0
72228013876,2003-01-02T15:00:00,9,33.56556,-86.745,187.5,"BIRMINGHAM AIRPORT, AL US",NSRDB,99999,V020,"999,9,9,9999,9","99999,9,9,9","999999,9,9,9","+9999,9","+9999,9","99999,9",,,,,,,,,,,,,,,,,,,,,,,,,,,,,,,,,,,,"0060,0113,02,008,0006,02,015,0111,02,008","0060,0740,9,1326,9","0060,0389,9,1415,9",,,,,,,,,,,,,,,,,,,,,,,,
72228013876,2003-01-02T15:53:00,C,33.56556,-86.745,187.5,"BIRMINGHAM AIRPORT, AL US",FM-15,BHM  ,V020,"160,5,N,0036,5","00274,5,M,N","016000,5,N,1","+0083,5","+0061,5","10132,5","01,0000,9,5",,,,,,,,,,,,,,,,,,,,,,,,,,,,"4,99,5,+00274,5,9",,,,"08,99,1,99,9,99,9,99999,9,99,9,99,9",,,,,,,,,,,,,,"10132,5,99999,9",,,,,"00,1",,,,,,,,,MET070KBHM 021553Z 16007KT 10SM OVC009 08/06 A2992 RMK AO2 SLP132 T00830061;,Q01+000000PRSWM2N01 00000JPWTH 0
72228013876,2003-01-02T16:00:00,9,33.56556,-86.745,187.5,"BIRMINGHAM AIRPORT, AL US",NSRDB,99999,V020,"999,9,9,9999,9","99999,9,9,9","999999,9,9,9","+9999,9","+9999,9","99999,9",,,,,,,,,,,,,,,,,,,,,,,,,,,,,,,,,,,,"0060,0193,02,008,0025,02,015,0183,02,008","0060,0658,9,1444,9","0060,0581,9,1415,9",,,,,,,,,,,,,,,,,,,,,,,,
72228013876,2003-01-02T16:53:00,C,33.56556,-86.745,187.5,"BIRMINGHAM AIRPORT, AL US",FM-15,BHM  ,V020,"140,5,N,0026,5","00274,5,M,N","016000,5,N,1","+0089,5","+0067,5","10121,5","01,0000,9,5",,,,,,,,,,,,,,,,,,,,,,,,,,,,"3,99,5,+00274,5,9","4,99,5,+00823,5,9",,,"08,99,1,99,9,99,9,99999,9,99,9,99,9",,,,,,,,,,,,,,"10122,5,99999,9",,,,,"00,1",,,,,,,,,MET084KBHM 021653Z 14005KT 10SM BKN009 OVC027 09/07 A2989 RMK AO2 PRESFR SLP121 T00890067;,Q01+000000PRSWM2N01 00000JPWTH 0
72228013876,2003-01-02T17:07:00,3,33.56556,-86.745,187.5,"BIRMINGHAM AIRPORT, AL US",FM-16,KBHM ,V020,"150,1,N,0031,1","00330,1,9,N","016093,1,N,1","+0090,1","+0070,1","99999,9",,,,,,,,,,,,,,,,,,,,,,,,,,,,,"3,99,1,+00330,1,9","4,99,1,+00810,1,9",,,"08,99,1,99,9,99,9,99999,9,99,9,99,9",,,"0060,0132,02,008,0000,02,015,0132,02,008","0060,0598,9,1584,9","0060,0712,9,1415,9",,,,,,,,,"10119,1,99999,9",,,,,"00,1",,,,,,,,,MET060KBHM 021707Z 15006KT 10SM BKN011 OVC027 09/07 A2988 RMK AO2;,Q01+000000PRSWM2
72228013876,2003-01-02T17:23:00,4,33.56556,-86.745,187.5,"BIRMINGHAM AIRPORT, AL US",FM-16,KBHM ,V020,"160,1,N,0036,1","00810,1,9,N","011265,1,N,1","+0090,1","+0070,1","99999,9","01,0003,9,1",,,,,,,,,,,,,,,,,,,,,,,,,,,,"2,99,1,+00420,1,9","3,99,1,+00810,1,9","4,99,1,+01500,1,9",,"08,99,1,99,9,99,9,99999,9,99,9,99,9",,,,,,,,,,,,,,"10115,1,99999,9",,,,,"61,1",,,,,,,,,MET082KBHM 021723Z 16007KT 7SM -RA FEW014 BKN027 OVC055 09/07 A2987 RMK AO2 RAB12 P0001;,Q01+000003PRSWM1Q02    003PRSWM1
72228013876,2003-01-02T17:53:00,C,33.56556,-86.745,187.5,"BIRMINGHAM AIRPORT, AL US",FM-15,BHM  ,V020,"140,5,N,0041,5","00762,5,M,N","016000,5,N,1","+0094,5","+0072,5","10107,5","01,0000,9,5","06,0003,9,1",,,,,,,,,,,,,,,,,,,,,,,,,,,"3,99,5,+00762,5,9","4,99,5,+00975,5,9",,,"08,99,1,99,9,99,9,99999,9,99,9,99,9",,,,,,"999,M,+0094,1","999,N,+0072,1",,,,,,,"10108,5,99999,9","8,1,030,1,+999,9",,,,"61,5",,,,,,,,,MET125KBHM 021753Z 14008KT 120V180 10SM -RA BKN025 OVC032 09/07 A2985 RMK AO2 RAB12 SLP107 P0001 60001 T00940072 10094 20072 58030;,Q01+000003PRSWM1Q02  00038PRCP06Q03    003PRSWM1N01 00020JPWTH 0
72228013876,2003-01-02T18:00:00,9,33.56556,-86.745,187.5,"BIRMINGHAM AIRPORT, AL US",NSRDB,99999,V020,"999,9,9,9999,9","99999,9,9,9","999999,9,9,9","+9999,9","+9999,9","99999,9",,,,,,,,,,,,,,,,,,,,,,,,,,,,,,,,,,,,"0060,0091,02,008,0000,02,015,0091,02,008","0060,0568,9,1742,9","0060,0774,9,1415,9",,,,,,,,,,,,,,,,,,,,,,,,
72228013876,2003-01-02T18:53:00,C,33.56556,-86.745,187.5,"BIRMINGHAM AIRPORT, AL US",FM-15,BHM  ,V020,"230,5,N,0026,5","00610,5,M,N","004800,5,N,1","+0094,5","+0078,5","10099,5","01,0000,9,5",,,,,,,,,,,,,,,,,,,,,,,,,,,,"2,99,5,+00366,5,9","4,99,5,+00610,5,9",,,"08,99,1,99,9,99,9,99999,9,99,9,99,9",,,,,,,,,,,,,,"10098,5,99999,9",,,,,"10,1","45,5","63,5",,,,,,,MET088KBHM 021853Z 23005KT 3SM RA BR SCT012 OVC020 09/08 A2982 RMK AO2 SLP099 P0004 T00940078;,Q01+000003PRSWM1Q02    003PRSWM1N01 02170JPWTH 0
72228013876,2003-01-02T19:00:00,9,33.56556,-86.745,187.5,"BIRMINGHAM AIRPORT, AL US",NSRDB,99999,V020,"999,9,9,9999,9","99999,9,9,9","999999,9,9,9","+9999,9","+9999,9","99999,9",,,,,,,,,,,,,,,,,,,,,,,,,,,,,,,,,,,,"0060,0089,02,008,0000,02,015,0089,02,008","0060,0573,9,1906,9","0060,0763,9,1415,9",,,,,,,,,,,,,,,,,,,,,,,,
72228013876,2003-01-02T19:53:00,C,33.56556,-86.745,187.5,"BIRMINGHAM AIRPORT, AL US",FM-15,BHM  ,V020,"260,5,N,0031,5","00305,5,M,N","004800,5,N,1","+0094,5","+0083,5","10102,5","01,0000,9,5",,,,,,,,,,,,,,,,,,,,,,,,,,,,"3,99,5,+00305,5,9","4,99,5,+00549,5,9",,,"08,99,1,99,9,99,9,99999,9,99,9,99,9",,,,,,,,,,,,,,"10102,5,99999,9",,,,,"10,1","45,5","61,5",,,,,,,MET108KBHM 021953Z 26006KT 3SM -RA BR BKN010 OVC018 09/08 A2983 RMK AO2 CIG 006V012 SLP102 VIS E2 P0005 T00940083;,Q01+000003PRSWM1Q02    003PRSWM1N01 02070JPWTH 0
72228013876,2003-01-02T20:04:00,3,33.56556,-86.745,187.5,"BIRMINGHAM AIRPORT, AL US",FM-16,KBHM ,V020,"230,1,N,0031,1","00180,1,C,N","004023,1,N,1","+0090,1","+0080,1","99999,9","01,0000,2,1",,,,,,,,,,,,,,,,,,,,,,,,,,,,"4,99,1,+00300,1,9",,,,"08,99,1,99,9,99,9,99999,9,99,9,99,9",,,"0060,0080,02,008,0000,02,015,0080,02,008","0060,0613,9,2060,9","0060,0680,9,1415,9",,,,,,,,,"10105,1,99999,9",,,,,"10,1","51,1",,,,,,,,MET117SPECI KBHM 022004Z 23006KT 2 1/2SM -DZ BR OVC010 09/08 A2984 RMK AO2 RAE1958DZB1958 CIG 006V014 VIS N 1 1/4 E2 P0000;,Q01+000003PRSWM1Q02    003PRSWM1
72228013876,2003-01-02T20:53:00,C,33.56556,-86.745,187.5,"BIRMINGHAM AIRPORT, AL US",FM-15,BHM  ,V020,"240,5,N,0041,5","00366,5,M,N","004800,5,N,1","+0100,5","+0083,5","10103,5","01,0000,9,5","03,0025,9,1",,,,,,,,,,,,,,,,,,,,,,,,,,,"1,99,5,+00213,5,9","4,99,5,+00366,5,9",,,"08,99,1,99,9,99,9,99999,9,99,9,99,9",,,,,,,,,,,,,,"10105,5,99999,9","5,1,003,1,+999,9",,,,"10,1","45,5",,,,,,,,MET137KBHM 022053Z 24008KT 3SM BR FEW007 OVC012 10/08 A2984 RMK AO2 RAE1958DZB1958E50 SLP103 VIS N 1 1/4 E2 S3 SW5 P0001 60010 T01000083 55003;,Q01+000003PRSWM1Q02    003PRSWM1N01 00070JPWTH 0
72228013876,2003-01-02T21:00:00,9,33.56556,-86.745,187.5,"BIRMINGHAM AIRPORT, AL US",NSRDB,99999,V020,"999,9,9,9999,9","99999,9,9,9","999999,9,9,9","+9999,9","+9999,9","99999,9",,,,,,,,,,,,,,,,,,,,,,,,,,,,,,,,,,,,"0060,0059,02,008,0000,02,015,0059,02,008","0060,0680,9,2193,9","0060,0529,9,1415,9",,,,,,,,,,,,,,,,,,,,,,,,
72228013876,2003-01-02T21:26:00,4,33.56556,-86.745,187.5,"BIRMINGHAM AIRPORT, AL US",FM-16,KBHM ,V020,"260,1,N,0046,1","00150,1,C,N","004828,1,N,1","+0090,1","+0090,1","99999,9","01,0000,2,1",,,,,,,,,,,,,,,,,,,,,,,,,,,,"3,99,1,+00240,1,9","4,99,1,+00360,1,9",,,"08,99,1,99,9,99,9,99999,9,99,9,99,9",,,,,,,,,,,,,,"10108,1,99999,9",,,,,"10,1","61,1",,,,,,,,MET108KBHM 022126Z 26009KT 3SM -RA BR BKN008 OVC012 09/09 A2985 RMK AO2 DZB01E18RAB18 CIG 005V011 VIS E2 S3 P0000;,Q01+000003PRSWM1Q02    003PRSWM1
72228013876,2003-01-02T21:53:00,C,33.56556,-86.745,187.5,"BIRMINGHAM AIRPORT, AL US",FM-15,BHM  ,V020,"260,5,N,0057,5","00488,5,M,N","006400,5,N,1","+0094,5","+0083,5","10108,5","01,0000,9,5",,,,,,,,,,,,,,,,,,,,,,,,,,,,"2,99,5,+00244,5,9","4,99,5,+00488,5,9",,,"08,99,1,99,9,99,9,99999,9,99,9,99,9",,,,,,,,,,,,,,"10108,5,99999,9",,,,,"10,1","45,5",,,,,,,,MET102KBHM 022153Z 26011KT 4SM BR SCT008 OVC016 09/08 A2985 RMK AO2 DZB01E18RAB18E39 SLP108 P0000 T00940083;,Q01+000003PRSWM1Q02    003PRSWM1N01 00070JPWTH 0
72228013876,2003-01-02T22:00:00,9,33.56556,-86.745,187.5,"BIRMINGHAM AIRPORT, AL US",NSRDB,99999,V020,"999,9,9,9999,9","99999,9,9,9","999999,9,9,9","+9999,9","+9999,9","99999,9",,,,,,,,,,,,,,,,,,,,,,,,,,,,,,,,,,,,"0060,0038,02,008,0000,02,015,0038,02,008","0060,0768,9,2305,9","0060,0323,9,1415,9",,,,,,,,,,,,,,,,,,,,,,,,
72228013876,2003-01-02T22:12:00,4,33.56556,-86.745,187.5,"BIRMINGHAM AIRPORT, AL US",FM-16,KBHM ,V020,"290,1,N,0077,1","00360,1,9,N","016093,1,N,1","+0090,1","+0070,1","99999,9",,,,,,,,,,,,,,,,,,,,,,,,,,,,,"3,99,1,+00360,1,9","4,99,1,+00630,1,9",,,"08,99,1,99,9,99,9,99999,9,99,9,99,9",,,,,,,,,,,,,,"10112,1,99999,9",,,,,"00,1",,,,,"0113,1",,,,MET063KBHM 022212Z 29015G22KT 10SM BKN012 OVC021 09/07 A2986 RMK AO2;,Q01+000000PRSWM2
72228013876,2003-01-02T22:53:00,C,33.56556,-86.745,187.5,"BIRMINGHAM AIRPORT, AL US",FM-15,BHM  ,V020,"270,5,N,0052,5","00518,5,M,N","016000,5,N,1","+0078,5","+0056,5","10118,5","01,0000,9,5",,,,,,,,,,,,,,,,,,,,,,,,,,,,"2,99,5,+00366,5,9","3,99,5,+00518,5,9","4,99,5,+00762,5,9",,"08,99,1,99,9,99,9,99999,9,99,9,99,9",,,,,,,,,,,,,,"10119,5,99999,9",,,,,"00,1",,,,,,,,,MET084KBHM 022253Z 27010KT 10SM SCT012 BKN017 OVC025 08/06 A2988 RMK AO2 SLP118 T00780056;,Q01+000000PRSWM2N01 00000JPWTH 0
72228013876,2003-01-02T23:00:00,9,33.56556,-86.745,187.5,"BIRMINGHAM AIRPORT, AL US",NSRDB,99999,V020,"999,9,9,9999,9","99999,9,9,9","999999,9,9,9","+9999,9","+9999,9","99999,9",,,,,,,,,,,,,,,,,,,,,,,,,,,,,,,,,,,,"0060,0007,02,008,0000,02,015,0007,02,008","0060,0859,9,2391,9","0060,0083,9,1167,9",,,,,,,,,,,,,,,,,,,,,,,,
72228013876,2003-01-02T23:32:00,4,33.56556,-86.745,187.5,"BIRMINGHAM AIRPORT, AL US",FM-16,KBHM ,V020,"270,1,N,0057,1","00750,1,C,N","016093,1,N,1","+0070,1","+0040,1","99999,9",,,,,,,,,,,,,,,,,,,,,,,,,,,,,"2,99,1,+00510,1,9","2,99,1,+00750,1,9","4,99,1,+01110,1,9",,"08,99,1,99,9,99,9,99999,9,99,9,99,9",,,,,,,,,,,,,,"10122,1,99999,9",,,,,"00,1",,,,,,,,,MET067KBHM 022332Z 27011KT 10SM SCT017 SCT025 OVC037 07/04 A2989 RMK AO2;,Q01+000000PRSWM2
72228013876,2003-01-02T23:53:00,C,33.56556,-86.745,187.5,"BIRMINGHAM AIRPORT, AL US",FM-15,BHM  ,V020,"290,5,N,0052,5","00884,5,M,N","016000,5,N,1","+0072,5","+0044,5","10124,5","01,0000,9,5","06,0025,9,1",,,,,,,,,,,,,,,,,,,,,,,,,,,"1,99,5,+00518,5,9","3,99,5,+00884,5,9","4,99,5,+01128,5,9",,"08,99,1,99,9,99,9,99999,9,99,9,99,9",,,,,,"999,M,+0100,1","999,N,+0072,1",,,,,,,"10125,5,99999,9","3,1,019,1,+999,9",,,,"00,1",,,,,,,,,MET108KBHM 022353Z 29010KT 10SM FEW017 BKN029 OVC037 07/04 A2990 RMK AO2 SLP124 60010 T00720044 10100 20072 53019;,Q01+000000PRSWM2Q02  00258PRCP06N01 00000JPWTH 0
